info_id,date,time,lineName,directionCode1,directionCode2,all,station_from,station_to,cse
0,20191220,8:04,A,1,1,1,-,-,車両点検
1,20191220,8:09,A,1,1,1,-,-,車両点検
2,20191220,8:14,A,1,1,1,-,-,車両点検
3,20191220,8:16,A,1,1,1,-,-,車両点検
4,20191220,8:25,A,1,1,1,-,-,車両点検
5,20191220,8:27,A,1,1,1,-,-,車両点検
6,20191220,8:34,A,1,1,1,-,-,車両点検
7,20191220,8:37,A,1,1,1,-,-,車両点検
8,20191220,8:50,A,1,1,1,-,-,車両点検
9,20191220,9:03,A,1,1,1,-,-,車両点検
10,20191220,9:25,A,1,1,1,-,-,車両点検
11,20191220,9:28,A,1,1,1,-,-,車両点検
12,20191220,9:35,A,1,1,1,-,-,車両点検
13,20191220,9:47,A,1,1,1,-,-,車両点検
14,20200108,7:43,A,1,0,1,-,-,車両点検
15,20200108,7:50,A,1,1,1,-,-,異音の確認
16,20200108,7:52,A,1,1,1,-,-,異音の確認
17,20200108,8:02,A,1,1,1,-,-,異音の確認
18,20200108,8:04,A,1,1,1,-,-,異音の確認
19,20200108,8:07,A,1,1,1,-,-,異音の確認
20,20200108,8:10,A,1,1,1,-,-,異音の確認
21,20200108,8:12,A,1,1,1,-,-,異音の確認
22,20200108,8:13,A,1,1,1,-,-,異音の確認
23,20200108,8:14,A,1,1,1,-,-,異音の確認
24,20200108,8:15,A,1,1,1,-,-,異音の確認
25,20200108,8:16,A,1,1,1,-,-,異音の確認
26,20200108,8:19,A,1,1,1,-,-,異音の確認
27,20200108,8:21,A,1,1,1,-,-,異音の確認
28,20200108,8:23,A,1,1,1,-,-,異音の確認
29,20200108,8:24,A,1,1,1,-,-,異音の確認
30,20200108,8:25,A,1,1,1,-,-,異音の確認
31,20200108,8:26,A,1,1,1,-,-,異音の確認
32,20200108,8:30,A,1,1,1,-,-,異音の確認
33,20200108,8:32,A,1,1,1,-,-,異音の確認
34,20200108,8:34,A,1,1,1,-,-,異音の確認
35,20200108,8:35,A,1,1,1,-,-,異音の確認
36,20200108,8:36,A,1,1,1,-,-,異音の確認
37,20200108,8:38,A,1,1,1,-,-,異音の確認
38,20200108,8:42,A,1,1,1,-,-,異音の確認
39,20200108,8:44,A,1,1,1,-,-,異音の確認
40,20200108,8:45,A,1,1,1,-,-,異音の確認
41,20200108,8:46,A,1,1,1,-,-,異音の確認
42,20200108,8:49,A,1,1,1,-,-,異音の確認
43,20200108,8:50,A,1,1,1,-,-,異音の確認
44,20200108,8:55,A,1,1,1,-,-,異音の確認
45,20200108,9:03,A,1,1,1,-,-,異音の確認
46,20200108,9:06,A,1,1,1,-,-,異音の確認
47,20200108,9:15,A,1,1,1,-,-,異音の確認
48,20200108,9:18,A,1,1,1,-,-,異音の確認
49,20200108,9:19,A,1,1,1,-,-,異音の確認
50,20200108,9:21,A,1,1,1,-,-,異音の確認
51,20200108,9:24,A,1,1,1,-,-,異音の確認
52,20200108,9:29,A,1,1,1,-,-,異音の確認
53,20200108,9:30,A,1,1,1,-,-,異音の確認
54,20200108,9:33,A,1,1,1,-,-,異音の確認
55,20200108,9:34,A,1,1,1,-,-,異音の確認
56,20200108,9:36,A,1,1,1,-,-,異音の確認
57,20200108,9:38,A,1,1,1,-,-,異音の確認
58,20200108,9:39,A,1,1,1,-,-,異音の確認
59,20200108,9:42,A,1,1,1,-,-,異音の確認
60,20200108,9:43,A,1,1,1,-,-,異音の確認
61,20200108,9:45,A,1,1,1,-,-,異音の確認
62,20200108,9:46,A,1,1,1,-,-,異音の確認
63,20200108,9:48,A,1,1,1,-,-,異音の確認
64,20200108,9:50,A,1,1,1,-,-,異音の確認
65,20200108,9:52,A,1,1,1,-,-,異音の確認
66,20200115,9:25,A,1,1,1,-,-,車両点検
67,20200115,9:32,A,1,1,1,-,-,車両点検
68,20200115,9:37,A,1,1,1,-,-,車両点検
69,20200115,9:41,A,1,1,1,-,-,車両点検
70,20200115,9:49,A,1,1,1,-,-,車両点検
71,20200115,9:55,A,1,1,1,-,-,車両点検
72,20200115,9:59,A,1,0,1,-,-,車両点検
73,20200120,8:45,A,1,0,1,-,-,お客さま救護
74,20200120,8:51,A,1,0,1,-,-,お客さま救護
75,20200120,8:59,A,1,0,1,-,-,お客さま救護
76,20200120,9:05,A,1,0,1,-,-,お客さま救護
77,20200120,9:09,A,1,0,1,-,-,お客さま救護
78,20200120,9:16,A,1,0,1,-,-,お客さま救護
79,20200127,13:03,A,1,1,1,-,-,降雪
80,20200127,17:50,A,1,1,1,-,-,降雪
81,20200127,17:57,A,1,1,1,-,-,降雪
82,20200127,18:29,A,1,1,1,-,-,降雪
83,20200127,18:48,A,1,1,1,-,-,降雪
84,20200127,18:51,A,1,1,1,-,-,降雪
85,20200127,19:03,A,1,1,1,-,-,降雪
86,20200127,19:06,A,1,1,1,-,-,降雪
87,20200127,19:10,A,1,1,1,-,-,降雪
88,20200127,19:29,A,1,1,1,-,-,降雪
89,20200127,19:36,A,1,1,1,-,-,降雪
90,20200127,19:37,A,1,1,1,-,-,降雪
91,20200127,20:03,A,1,1,1,-,-,降雪
92,20200127,20:23,A,1,1,1,-,-,降雪
93,20200127,20:36,A,1,1,1,-,-,降雪
94,20200127,20:50,A,1,1,1,-,-,降雪
95,20200127,20:59,A,1,1,1,-,-,降雪
96,20200217,8:06,A,1,1,0,CTnl,vpGT,線路に支障物
97,20200217,8:10,A,1,1,0,CTnl,vpGT,線路に支障物
98,20200217,8:12,A,1,1,0,CTnl,vpGT,線路に支障物
99,20200217,8:16,A,1,1,0,CTnl,vpGT,線路に支障物
100,20200217,8:16,A,1,1,0,daXW,CTnl,線路に支障物
101,20200217,8:19,A,1,1,0,daXW,CTnl,線路に支障物
102,20200217,8:19,A,1,1,0,CTnl,vpGT,線路に支障物
103,20200217,8:21,A,1,1,0,daXW,CTnl,線路に支障物
104,20200217,8:21,A,1,1,0,CTnl,vpGT,線路に支障物
105,20200217,8:27,A,1,1,0,CTnl,vpGT,線路に支障物
106,20200217,8:27,A,1,1,0,daXW,CTnl,線路に支障物
107,20200217,8:31,A,1,1,0,CTnl,vpGT,線路に支障物
108,20200217,8:31,A,1,1,0,daXW,CTnl,線路に支障物
109,20200217,8:37,A,1,1,0,CTnl,vpGT,線路に支障物
110,20200217,8:37,A,1,1,0,daXW,CTnl,線路に支障物
111,20200217,8:40,A,1,1,0,CTnl,vpGT,線路に支障物
112,20200217,8:40,A,1,1,0,daXW,CTnl,線路に支障物
113,20200217,8:41,A,1,1,0,CTnl,vpGT,線路に支障物
114,20200217,8:41,A,1,1,0,daXW,CTnl,線路に支障物
115,20200217,8:48,A,1,1,0,CTnl,vpGT,線路に支障物
116,20200217,8:48,A,1,1,0,daXW,CTnl,線路に支障物
117,20200217,8:49,A,1,1,0,CTnl,vpGT,線路に支障物
118,20200217,8:49,A,1,1,0,daXW,CTnl,線路に支障物
119,20200217,8:50,A,1,1,0,CTnl,vpGT,線路に支障物
120,20200217,8:50,A,1,1,0,daXW,CTnl,線路に支障物
121,20200217,8:57,A,1,1,0,daXW,CTnl,線路に支障物
122,20200217,8:57,A,1,1,0,CTnl,vpGT,線路に支障物
123,20200217,9:00,A,1,1,0,daXW,CTnl,線路に支障物
124,20200217,9:00,A,1,1,0,CTnl,vpGT,線路に支障物
125,20200217,9:02,A,1,1,0,daXW,CTnl,線路に支障物
126,20200217,9:02,A,1,1,0,CTnl,vpGT,線路に支障物
127,20200217,9:04,A,1,1,0,daXW,CTnl,線路に支障物
128,20200217,9:04,A,1,1,0,CTnl,vpGT,線路に支障物
129,20200217,9:09,A,1,1,0,CTnl,vpGT,線路に支障物
130,20200217,9:09,A,1,1,0,daXW,CTnl,線路に支障物
131,20200217,9:15,A,1,1,0,daXW,CTnl,線路に支障物
132,20200217,9:15,A,1,1,0,CTnl,vpGT,線路に支障物
133,20200217,9:18,A,1,1,0,daXW,CTnl,線路に支障物
134,20200217,9:18,A,1,1,0,CTnl,vpGT,線路に支障物
135,20200217,9:25,A,1,1,0,daXW,CTnl,線路に支障物
136,20200217,9:25,A,1,1,0,CTnl,vpGT,線路に支障物
137,20200217,9:27,A,1,1,0,daXW,CTnl,線路に支障物
138,20200217,9:27,A,1,1,0,CTnl,vpGT,線路に支障物
139,20200217,9:40,A,1,1,0,daXW,CTnl,線路に支障物
140,20200217,9:40,A,1,1,0,CTnl,vpGT,線路に支障物
141,20200217,9:51,A,1,1,0,daXW,CTnl,線路に支障物
142,20200217,9:51,A,1,1,0,CTnl,vpGT,線路に支障物
143,20200217,9:57,A,1,1,0,daXW,CTnl,線路に支障物
144,20200217,9:57,A,1,1,0,CTnl,vpGT,線路に支障物
145,20200217,9:59,A,1,1,0,CTnl,vpGT,線路に支障物
146,20200217,9:59,A,1,1,1,-,-,線路に支障物
147,20200304,8:27,A,0,1,1,-,-,荷物挟まり
148,20200304,8:29,A,0,1,1,-,-,荷物挟まり
149,20200304,8:36,A,0,1,1,-,-,荷物挟まり
150,20200304,8:43,A,0,1,1,-,-,荷物挟まり
151,20200306,5:47,A,1,0,1,-,-,変電所点検
152,20200306,6:11,A,1,0,1,-,-,変電所点検
153,20200306,6:24,A,1,0,1,-,-,変電所点検
154,20200306,6:29,A,1,0,1,-,-,変電所点検
155,20200306,6:31,A,1,0,1,-,-,変電所点検
156,20200306,6:41,A,1,1,1,-,-,変電所点検
157,20200306,7:01,A,1,1,1,-,-,変電所点検
158,20200306,7:26,A,1,1,1,-,-,変電所点検
159,20200306,7:30,A,1,1,1,-,-,変電所点検
160,20200306,7:38,A,1,1,1,-,-,変電所点検
161,20200306,7:51,A,1,1,1,-,-,変電所点検
162,20200306,8:05,A,1,1,1,-,-,変電所点検
163,20200306,8:17,A,1,0,1,-,-,変電所点検
164,20200306,8:24,A,1,0,1,-,-,変電所点検
165,20200306,8:29,A,1,0,1,-,-,変電所点検
166,20200306,8:37,A,1,0,1,-,-,変電所点検
167,20200306,8:39,A,1,0,1,-,-,変電所点検
168,20200306,8:42,A,1,0,1,-,-,変電所点検
169,20200306,8:46,A,1,0,1,-,-,変電所点検
170,20200306,9:03,A,1,1,1,-,-,変電所点検
171,20200306,9:20,A,1,1,1,-,-,変電所点検
172,20200306,9:23,A,1,1,1,-,-,変電所点検
173,20200306,9:26,A,1,1,1,-,-,変電所点検
174,20200306,9:35,A,1,1,1,-,-,変電所点検
175,20200306,9:55,A,1,1,1,-,-,変電所点検
176,20200318,7:43,A,1,1,1,-,-,線路に人立入
177,20200318,7:45,A,1,1,1,-,-,線路に人立入
178,20200318,7:52,A,1,1,1,-,-,線路に人立入
179,20200318,8:17,A,1,1,1,-,-,人身事故
180,20200318,8:20,A,1,1,1,-,-,人身事故
181,20200318,8:27,A,1,1,1,-,-,人身事故
182,20200318,8:31,A,1,1,1,-,-,人身事故
183,20200318,8:35,A,1,1,1,-,-,人身事故
184,20200318,8:40,A,1,1,1,-,-,人身事故
185,20200318,8:44,A,1,1,1,-,-,人身事故
186,20200318,8:47,A,1,1,1,-,-,人身事故
187,20200318,8:50,A,1,1,1,-,-,人身事故
188,20200318,8:53,A,1,1,1,-,-,人身事故
189,20200318,8:57,A,1,1,1,-,-,人身事故
190,20200318,9:08,A,1,1,1,-,-,人身事故
191,20200318,9:10,A,1,1,1,-,-,人身事故
192,20200318,9:11,A,1,1,1,-,-,人身事故
193,20200318,9:19,A,1,1,1,-,-,人身事故
194,20200318,9:20,A,1,1,1,-,-,人身事故
195,20200318,9:25,A,1,1,1,-,-,人身事故
196,20200318,9:28,A,1,1,1,-,-,人身事故
197,20200318,9:32,A,1,1,1,-,-,人身事故
198,20200318,9:33,A,1,1,1,-,-,人身事故
199,20200318,9:34,A,1,1,1,-,-,人身事故
200,20200318,9:45,A,1,1,1,-,-,人身事故
201,20200318,9:48,A,1,1,1,-,-,人身事故
202,20200318,9:57,A,1,1,1,-,-,人身事故
203,20200414,8:40,A,1,1,1,-,-,異音の確認
204,20200414,8:47,A,1,1,1,-,-,異音の確認
205,20200414,8:48,A,1,1,1,-,-,異音の確認
206,20200414,9:18,A,1,1,1,-,-,異音の確認
207,20200414,9:20,A,1,1,1,-,-,異音の確認
208,20200414,9:59,A,1,1,1,-,-,異音の確認
209,20200914,8:19,A,1,1,1,-,-,お客さま救護
210,20200914,8:43,A,1,1,1,-,-,お客さま救護
211,20200914,8:54,A,1,1,1,-,-,お客さま救護
212,20200914,8:57,A,1,1,1,-,-,お客さま救護
213,20200914,9:24,A,1,1,1,-,-,お客さま救護
214,20200914,9:28,A,1,1,1,-,-,お客さま救護
215,20200914,9:30,A,1,1,1,-,-,お客さま救護
216,20200914,9:34,A,1,1,1,-,-,お客さま救護
217,20200914,9:36,A,1,1,1,-,-,お客さま救護
218,20200914,9:41,A,1,1,1,-,-,お客さま救護
219,20201016,19:37,A,1,1,1,-,-,異音の確認
220,20201016,20:09,A,1,1,1,-,-,異音の確認
221,20201016,20:21,A,1,1,1,-,-,異音の確認
222,20201016,20:36,A,1,1,1,-,-,異音の確認
223,20201016,20:46,A,1,1,1,-,-,異音の確認
224,20201016,20:52,A,1,0,1,-,-,異音の確認
225,20201016,20:59,A,1,0,1,-,-,異音の確認
226,20191206,20:51,D,1,1,1,-,-,お客さま救護
227,20191206,20:56,D,1,1,1,-,-,お客さま救護
228,20191220,8:16,D,1,1,1,-,-,車内トラブル
229,20191220,8:25,D,1,1,1,-,-,車内トラブル
230,20191220,8:27,D,1,1,1,-,-,車内トラブル
231,20191220,8:34,D,1,1,1,-,-,車内トラブル
232,20191220,8:37,D,1,1,1,-,-,車内トラブル
233,20191220,8:50,D,1,1,1,-,-,車内トラブル
234,20191220,9:03,D,1,1,1,-,-,車内トラブル
235,20191220,9:25,D,1,1,1,-,-,車内トラブル
236,20191220,9:28,D,1,1,1,-,-,車内トラブル
237,20191220,9:35,D,1,1,1,-,-,車内トラブル
238,20191220,9:47,D,1,1,1,-,-,車内トラブル
239,20200108,8:14,D,1,1,1,-,-,車両点検
240,20200108,8:15,D,1,1,1,-,-,車両点検
241,20200108,8:16,D,1,1,1,-,-,車両点検
242,20200108,8:19,D,1,1,1,-,-,車両点検
243,20200108,8:21,D,1,1,1,-,-,車両点検
244,20200108,8:23,D,1,1,1,-,-,車両点検
245,20200108,8:24,D,1,1,1,-,-,車両点検
246,20200108,8:25,D,1,1,1,-,-,車両点検
247,20200108,8:26,D,1,1,1,-,-,車両点検
248,20200108,8:30,D,1,1,1,-,-,車両点検
249,20200108,8:32,D,1,1,1,-,-,車両点検
250,20200108,8:34,D,1,1,1,-,-,車両点検
251,20200108,8:35,D,1,1,1,-,-,車両点検
252,20200108,8:36,D,1,1,1,-,-,車両点検
253,20200108,8:38,D,1,1,1,-,-,車両点検
254,20200108,8:42,D,1,1,1,-,-,車両点検
255,20200108,8:44,D,1,1,1,-,-,車両点検
256,20200108,8:45,D,1,1,1,-,-,車両点検
257,20200108,8:46,D,1,1,1,-,-,車両点検
258,20200108,8:49,D,1,1,1,-,-,車両点検
259,20200108,8:50,D,1,1,1,-,-,車両点検
260,20200108,8:55,D,1,1,1,-,-,車両点検
261,20200108,9:03,D,1,1,1,-,-,車両点検
262,20200108,9:06,D,1,1,1,-,-,車両点検
263,20200108,9:15,D,1,1,1,-,-,車両点検
264,20200108,9:18,D,1,1,1,-,-,車両点検
265,20200108,9:19,D,1,1,1,-,-,車両点検
266,20200108,9:21,D,1,1,1,-,-,車両点検
267,20200108,9:24,D,1,1,1,-,-,車両点検
268,20200108,9:29,D,1,1,1,-,-,車両点検
269,20200108,9:30,D,1,1,1,-,-,車両点検
270,20200108,9:33,D,1,1,1,-,-,車両点検
271,20200108,9:34,D,1,1,1,-,-,車両点検
272,20200108,9:36,D,1,1,1,-,-,車両点検
273,20200108,9:38,D,1,1,1,-,-,車両点検
274,20200108,9:39,D,1,1,1,-,-,車両点検
275,20200108,9:42,D,1,1,1,-,-,車両点検
276,20200108,9:43,D,1,1,1,-,-,車両点検
277,20200108,9:45,D,1,1,1,-,-,車両点検
278,20200108,9:46,D,1,1,1,-,-,車両点検
279,20200108,9:48,D,1,1,1,-,-,車両点検
280,20200108,9:50,D,1,1,1,-,-,車両点検
281,20200108,9:52,D,1,1,1,-,-,車両点検
282,20200115,18:58,D,0,1,1,-,-,荷物挟まり
283,20200115,19:44,D,0,1,1,-,-,荷物挟まり
284,20200123,7:39,D,1,0,1,-,-,荷物挟まり
285,20200123,7:44,D,1,0,1,-,-,荷物挟まり
286,20200123,7:51,D,1,0,1,-,-,荷物挟まり
287,20200123,7:51,D,1,1,1,-,-,混雑
288,20200123,7:54,D,1,0,1,-,-,荷物挟まり
289,20200123,7:54,D,1,1,1,-,-,混雑
290,20200123,8:00,D,1,0,1,-,-,荷物挟まり
291,20200123,8:00,D,1,1,1,-,-,混雑
292,20200123,8:04,D,1,1,1,-,-,混雑
293,20200123,8:04,D,1,1,1,-,-,荷物挟まり
294,20200123,8:06,D,1,1,1,-,-,混雑
295,20200123,8:06,D,1,1,1,-,-,荷物挟まり
296,20200123,8:07,D,1,1,1,-,-,混雑
297,20200123,8:07,D,1,1,1,-,-,荷物挟まり
298,20200123,8:11,D,1,1,1,-,-,混雑
299,20200123,8:11,D,1,1,1,-,-,荷物挟まり
300,20200123,8:14,D,1,1,1,-,-,混雑
301,20200123,8:14,D,1,1,1,-,-,荷物挟まり
302,20200123,8:26,D,1,1,1,-,-,混雑
303,20200123,8:26,D,1,1,1,-,-,荷物挟まり
304,20200123,8:29,D,1,1,1,-,-,混雑
305,20200123,8:29,D,1,1,1,-,-,荷物挟まり
306,20200123,8:36,D,1,1,1,-,-,混雑
307,20200123,8:36,D,1,1,1,-,-,荷物挟まり
308,20200123,8:40,D,1,1,1,-,-,混雑
309,20200123,8:40,D,1,1,1,-,-,荷物挟まり
310,20200123,8:42,D,1,1,1,-,-,混雑
311,20200123,8:42,D,1,1,1,-,-,荷物挟まり
312,20200123,8:43,D,1,1,1,-,-,混雑
313,20200123,8:43,D,1,1,1,-,-,荷物挟まり
314,20200123,8:50,D,1,1,1,-,-,荷物挟まり
315,20200123,8:50,D,1,1,1,-,-,混雑
316,20200123,8:51,D,1,1,1,-,-,荷物挟まり
317,20200123,8:51,D,1,1,1,-,-,混雑
318,20200123,8:53,D,1,1,1,-,-,混雑
319,20200123,8:53,D,1,1,1,-,-,荷物挟まり
320,20200123,8:57,D,1,1,1,-,-,荷物挟まり
321,20200123,8:58,D,1,1,1,-,-,荷物挟まり
322,20200123,8:59,D,1,1,1,-,-,荷物挟まり
323,20200123,9:00,D,1,1,1,-,-,荷物挟まり
324,20200123,9:03,D,1,1,1,-,-,荷物挟まり
325,20200123,9:05,D,1,1,1,-,-,荷物挟まり
326,20200123,9:06,D,1,1,1,-,-,荷物挟まり
327,20200123,9:12,D,1,1,1,-,-,荷物挟まり
328,20200123,9:15,D,1,1,1,-,-,荷物挟まり
329,20200123,9:24,D,1,1,1,-,-,荷物挟まり
330,20200123,9:28,D,1,1,1,-,-,荷物挟まり
331,20200123,9:31,D,1,1,1,-,-,荷物挟まり
332,20200123,9:37,D,1,1,1,-,-,荷物挟まり
333,20200123,9:45,D,1,1,1,-,-,荷物挟まり
334,20200123,9:55,D,1,1,1,-,-,荷物挟まり
335,20200123,20:05,D,0,1,1,-,-,車両点検
336,20200123,20:16,D,0,1,1,-,-,車両点検
337,20200123,20:28,D,0,1,1,-,-,車両点検
338,20200123,20:29,D,0,1,1,-,-,車両点検
339,20200127,13:03,D,1,1,1,-,-,降雪
340,20200127,17:50,D,1,1,1,-,-,降雪
341,20200127,17:57,D,1,1,1,-,-,降雪
342,20200127,18:29,D,1,1,1,-,-,降雪
343,20200127,18:48,D,1,1,1,-,-,降雪
344,20200127,18:51,D,1,1,1,-,-,降雪
345,20200127,19:03,D,1,1,1,-,-,降雪
346,20200127,19:06,D,1,1,1,-,-,降雪
347,20200127,19:10,D,1,1,1,-,-,降雪
348,20200127,19:29,D,1,1,1,-,-,降雪
349,20200127,19:36,D,1,1,1,-,-,降雪
350,20200127,19:37,D,1,1,1,-,-,降雪
351,20200127,20:03,D,1,1,1,-,-,降雪
352,20200127,20:23,D,1,1,1,-,-,降雪
353,20200127,20:36,D,1,1,1,-,-,降雪
354,20200127,20:50,D,1,1,1,-,-,降雪
355,20200127,20:59,D,1,1,1,-,-,降雪
356,20200129,8:33,D,1,1,1,-,-,お客さま救護
357,20200129,8:36,D,1,1,1,-,-,お客さま救護
358,20200129,8:40,D,1,1,1,-,-,お客さま救護
359,20200129,8:50,D,1,1,1,-,-,お客さま救護
360,20200129,8:54,D,1,1,1,-,-,お客さま救護
361,20200129,8:56,D,1,1,1,-,-,お客さま救護
362,20200129,8:57,D,1,1,1,-,-,お客さま救護
363,20200129,9:03,D,1,1,1,-,-,お客さま救護
364,20200129,9:06,D,1,1,1,-,-,お客さま救護
365,20200129,9:18,D,1,1,1,-,-,お客さま救護
366,20200129,9:20,D,1,1,1,-,-,お客さま救護
367,20200129,9:28,D,1,1,1,-,-,お客さま救護
368,20200129,9:41,D,1,1,1,-,-,お客さま救護
369,20200129,9:54,D,1,1,1,-,-,お客さま救護
370,20200129,9:59,D,1,1,1,-,-,お客さま救護
371,20200217,6:48,D,1,1,1,-,-,人身事故
372,20200217,6:51,D,1,1,1,-,-,人身事故
373,20200217,6:54,D,1,1,1,-,-,人身事故
374,20200217,6:59,D,1,1,1,-,-,人身事故
375,20200217,7:02,D,1,1,1,-,-,人身事故
376,20200217,7:10,D,1,1,1,-,-,人身事故
377,20200217,7:22,D,1,1,1,-,-,人身事故
378,20200217,7:30,D,1,1,1,-,-,人身事故
379,20200217,7:33,D,1,1,1,-,-,人身事故
380,20200217,7:44,D,1,1,1,-,-,人身事故
381,20200217,7:50,D,1,1,1,-,-,人身事故
382,20200217,8:06,D,1,1,1,-,-,人身事故
383,20200217,8:10,D,1,1,1,-,-,人身事故
384,20200217,8:12,D,1,1,1,-,-,人身事故
385,20200217,8:16,D,1,1,1,-,-,人身事故
386,20200217,8:19,D,1,1,1,-,-,人身事故
387,20200217,8:19,D,1,1,1,-,-,混雑
388,20200217,8:21,D,1,1,1,-,-,人身事故
389,20200217,8:21,D,1,1,1,-,-,混雑
390,20200217,8:27,D,1,1,1,-,-,人身事故
391,20200217,8:27,D,1,1,1,-,-,混雑
392,20200217,8:31,D,1,1,1,-,-,人身事故
393,20200217,8:31,D,1,1,1,-,-,混雑
394,20200217,8:37,D,1,1,1,-,-,人身事故
395,20200217,8:37,D,1,1,1,-,-,混雑
396,20200217,8:40,D,1,1,1,-,-,人身事故
397,20200217,8:40,D,1,1,1,-,-,混雑
398,20200217,8:41,D,1,1,1,-,-,人身事故
399,20200217,8:48,D,1,1,1,-,-,人身事故
400,20200217,8:49,D,1,1,1,-,-,人身事故
401,20200217,8:50,D,1,1,1,-,-,人身事故
402,20200217,8:57,D,1,1,1,-,-,人身事故
403,20200217,9:00,D,1,1,1,-,-,人身事故
404,20200217,9:02,D,1,1,1,-,-,人身事故
405,20200217,9:04,D,1,1,1,-,-,人身事故
406,20200217,9:09,D,1,1,1,-,-,人身事故
407,20200217,9:15,D,1,1,1,-,-,人身事故
408,20200217,9:18,D,1,1,1,-,-,人身事故
409,20200217,9:25,D,1,1,1,-,-,人身事故
410,20200217,9:27,D,1,1,1,-,-,人身事故
411,20200217,9:40,D,1,1,1,-,-,人身事故
412,20200217,9:51,D,1,1,1,-,-,人身事故
413,20200217,9:57,D,1,1,1,-,-,人身事故
414,20200217,9:59,D,1,1,1,-,-,人身事故
415,20200306,7:01,D,1,0,0,uYlv,yuIQ,変電所点検
416,20200306,7:26,D,1,0,0,uYlv,yuIQ,変電所点検
417,20200306,7:30,D,1,0,0,uYlv,yuIQ,変電所点検
418,20200306,7:38,D,1,0,0,uYlv,yuIQ,変電所点検
419,20200306,7:51,D,1,0,0,uYlv,yuIQ,変電所点検
420,20200306,8:05,D,0,1,0,uYlv,yuIQ,変電所点検
421,20200306,8:17,D,0,1,0,uYlv,yuIQ,変電所点検
422,20200306,8:24,D,0,1,0,uYlv,yuIQ,変電所点検
423,20200306,8:29,D,0,1,0,uYlv,yuIQ,変電所点検
424,20200306,8:37,D,0,1,0,uYlv,yuIQ,変電所点検
425,20200306,8:39,D,0,1,0,uYlv,yuIQ,変電所点検
426,20200306,8:42,D,0,1,0,yuIQ,uYlv,変電所点検
427,20200306,8:46,D,0,1,0,yuIQ,uYlv,変電所点検
428,20200622,8:42,D,1,1,0,yuIQ,BCRD,人身事故
429,20200622,8:44,D,1,1,0,yuIQ,BCRD,人身事故
430,20200622,8:48,D,1,1,0,yuIQ,BCRD,人身事故
431,20200622,8:50,D,1,1,0,yuIQ,BCRD,人身事故
432,20200622,9:12,D,1,1,0,yuIQ,BCRD,人身事故
433,20200622,9:14,D,1,1,0,yuIQ,BCRD,人身事故
434,20200622,9:16,D,1,1,0,yuIQ,BCRD,人身事故
435,20200622,9:20,D,1,1,0,yuIQ,BCRD,人身事故
436,20200622,9:23,D,1,1,0,yuIQ,BCRD,人身事故
437,20200622,9:32,D,1,1,0,yuIQ,BCRD,人身事故
438,20200622,9:35,D,1,1,0,yuIQ,BCRD,人身事故
439,20200622,9:51,D,1,1,0,yuIQ,BCRD,人身事故
440,20201005,8:55,D,0,1,1,-,-,荷物挟まり
441,20201005,9:10,D,0,1,1,-,-,荷物挟まり
442,20201005,9:18,D,0,1,1,-,-,荷物挟まり
443,20201005,9:25,D,0,1,1,-,-,荷物挟まり
444,20201005,9:31,D,0,1,1,-,-,荷物挟まり
445,20201005,9:37,D,0,1,1,-,-,荷物挟まり
446,20201016,20:21,D,0,1,1,-,-,異音の確認
447,20201016,20:36,D,0,1,1,-,-,異音の確認
448,20201016,20:46,D,0,1,1,-,-,異音の確認
449,20201016,20:52,D,0,1,1,-,-,異音の確認
450,20201016,20:59,D,0,1,1,-,-,異音の確認
451,20191213,17:19,C,0,1,1,-,-,車内トラブル
452,20191213,17:31,C,0,1,1,-,-,車内トラブル
453,20191213,17:47,C,0,1,1,-,-,車内トラブル
454,20191216,17:52,C,1,0,1,-,-,お客さま救護
455,20200120,16:46,C,1,1,1,-,-,人身事故
456,20200120,17:14,C,1,1,1,-,-,人身事故
457,20200127,13:03,C,1,1,1,-,-,降雪
458,20200127,17:50,C,1,1,1,-,-,降雪
459,20200127,17:57,C,1,1,1,-,-,降雪
460,20200127,18:29,C,1,1,1,-,-,降雪
461,20200127,18:48,C,1,1,1,-,-,降雪
462,20200127,18:51,C,1,1,1,-,-,降雪
463,20200127,19:03,C,1,1,1,-,-,降雪
464,20200127,19:06,C,1,1,1,-,-,降雪
465,20200127,19:10,C,1,1,1,-,-,降雪
466,20200127,19:29,C,1,1,1,-,-,降雪
467,20200127,19:36,C,1,1,1,-,-,降雪
468,20200127,19:37,C,1,1,1,-,-,降雪
469,20200127,20:03,C,1,1,1,-,-,降雪
470,20200127,20:23,C,1,1,1,-,-,降雪
471,20200127,20:36,C,1,1,1,-,-,降雪
472,20200127,20:50,C,1,1,1,-,-,降雪
473,20200127,20:59,C,1,1,1,-,-,降雪
474,20200129,9:59,C,0,1,1,-,-,車両点検
475,20200326,8:26,C,1,0,1,-,-,ドア点検
476,20200326,8:32,C,1,0,1,-,-,ドア点検
477,20200326,9:07,C,1,0,1,-,-,ドア点検
478,20200326,9:12,C,1,0,1,-,-,ドア点検
479,20200326,9:33,C,1,0,1,-,-,ドア点検
480,20200326,9:36,C,1,0,1,-,-,ドア点検
481,20200629,8:33,C,0,1,1,-,-,人身事故
482,20200629,8:36,C,0,1,1,-,-,人身事故
483,20200629,8:37,C,0,1,1,-,-,人身事故
484,20200629,8:41,C,0,1,1,-,-,人身事故
485,20200629,8:46,C,0,1,1,-,-,人身事故
486,20200629,8:58,C,0,1,1,-,-,人身事故
487,20200629,9:03,C,0,1,1,-,-,人身事故
488,20200629,9:05,C,0,1,1,-,-,人身事故
489,20200629,9:07,C,0,1,1,-,-,人身事故
490,20200629,9:15,C,0,1,1,-,-,人身事故
491,20200629,9:18,C,0,1,1,-,-,人身事故
492,20200629,9:20,C,0,1,1,-,-,人身事故
493,20200629,9:31,C,0,1,1,-,-,人身事故
494,20200629,9:34,C,0,1,1,-,-,人身事故
495,20200629,9:38,C,0,1,1,-,-,人身事故
496,20200629,9:41,C,0,1,1,-,-,人身事故
497,20200629,9:44,C,0,1,1,-,-,人身事故
498,20200629,9:50,C,0,1,1,-,-,人身事故
499,20200707,8:50,C,1,1,1,-,-,線路に支障物
500,20200707,9:10,C,1,1,1,-,-,線路に支障物
501,20200707,9:26,C,1,1,1,-,-,線路に支障物
502,20200707,9:30,C,1,1,1,-,-,線路に支障物
503,20191211,7:26,A,1,1,1,-,-,異音の確認
504,20191211,7:35,A,1,1,1,-,-,異音の確認
505,20191211,7:39,A,1,1,1,-,-,異音の確認
506,20191215,7:36,A,1,1,1,-,-,人身事故
507,20191215,7:38,A,1,1,1,-,-,人身事故
508,20200102,7:00,A,1,1,1,-,-,異音の確認
509,20200102,7:16,A,1,1,1,-,-,異音の確認
510,20200102,7:17,A,1,1,1,-,-,異音の確認
511,20200102,7:31,A,1,1,1,-,-,異音の確認
512,20200102,7:34,A,1,1,1,-,-,異音の確認
513,20200102,7:40,A,1,1,1,-,-,異音の確認
514,20200203,7:48,A,1,1,0,daXW,efzW,お客さま救護
515,20200203,7:50,A,1,1,0,daXW,efzW,お客さま救護
516,20200325,7:35,A,0,1,1,-,-,ドア点検
517,20200325,7:46,A,0,1,1,-,-,ドア点検
518,20200117,6:36,D,1,0,1,-,-,動物と衝突
519,20200117,6:47,D,1,0,1,-,-,動物と衝突
520,20200117,6:51,D,1,0,1,-,-,動物と衝突
521,20200117,6:54,D,1,0,1,-,-,動物と衝突
522,20200117,7:10,D,1,0,1,-,-,動物と衝突
523,20200117,7:20,D,1,0,1,-,-,動物と衝突
524,20200117,7:54,D,1,0,1,-,-,動物と衝突
525,20200128,7:46,D,1,1,1,-,-,混雑
526,20200128,7:50,D,1,1,1,-,-,混雑
527,20200128,7:52,D,1,1,1,-,-,混雑
528,20200128,7:58,D,1,1,1,-,-,混雑
529,20200218,7:06,D,1,0,0,BCRD,yuIQ,信号確認
530,20200218,7:10,D,1,0,0,BCRD,yuIQ,信号確認
531,20200218,7:15,D,1,0,0,BCRD,yuIQ,信号確認
532,20200218,7:23,D,1,0,0,BCRD,yuIQ,信号確認
533,20200218,7:26,D,1,0,0,BCRD,yuIQ,信号確認
534,20200218,7:27,D,1,0,0,BCRD,yuIQ,信号確認
535,20200218,7:36,D,1,0,0,BCRD,yuIQ,信号確認
536,20200218,7:42,D,1,0,0,BCRD,yuIQ,信号確認
537,20200218,7:48,D,1,0,0,BCRD,yuIQ,信号確認
538,20200218,7:51,D,1,0,0,BCRD,yuIQ,信号確認
539,20200218,7:55,D,1,0,0,BCRD,yuIQ,信号確認
540,20191223,7:54,C,0,1,1,-,-,ホーム扉点検
541,20200114,6:59,C,1,1,1,-,-,人身事故
542,20200114,7:00,C,1,1,1,-,-,人身事故
543,20200114,7:03,C,1,1,1,-,-,人身事故
544,20200114,7:06,C,1,1,1,-,-,人身事故
545,20200114,7:07,C,1,1,1,-,-,人身事故
546,20200114,7:11,C,1,1,1,-,-,人身事故
547,20200114,7:12,C,1,1,1,-,-,人身事故
548,20200114,7:13,C,1,1,1,-,-,人身事故
549,20200114,7:15,C,1,1,1,-,-,人身事故
550,20200114,7:16,C,1,1,1,-,-,人身事故
551,20200114,7:18,C,1,1,1,-,-,人身事故
552,20200114,7:22,C,1,1,1,-,-,人身事故
553,20200114,7:23,C,1,1,1,-,-,人身事故
554,20200114,7:25,C,1,1,1,-,-,人身事故
555,20200114,7:28,C,1,1,1,-,-,人身事故
556,20200114,7:29,C,1,1,1,-,-,人身事故
557,20200114,7:36,C,1,1,1,-,-,人身事故
558,20200114,7:41,C,1,1,1,-,-,人身事故
559,20200114,7:43,C,1,1,1,-,-,人身事故
560,20200114,7:49,C,1,1,1,-,-,人身事故
561,20200114,7:53,C,1,1,1,-,-,人身事故
562,20200114,7:55,C,1,1,1,-,-,人身事故
563,20200309,8:56,A,1,1,1,-,-,車両点検
564,20200923,4:02,A,1,1,1,-,-,台風
565,20200923,7:15,A,1,1,1,-,-,台風
566,20200923,7:20,A,1,1,1,-,-,台風
567,20200923,7:26,A,1,1,1,-,-,台風
568,20200923,7:52,A,1,1,1,-,-,台風
569,20200923,7:57,A,1,1,1,-,-,台風
570,20200923,8:13,A,1,1,1,-,-,台風
571,20200923,8:27,A,1,1,1,-,-,台風
572,20200923,8:34,A,1,1,1,-,-,台風
573,20200528,7:03,D,1,1,0,yuIQ,BCRD,信号確認
574,20200528,7:13,D,1,1,0,yuIQ,BCRD,信号確認
575,20200528,7:30,D,1,1,0,yuIQ,BCRD,信号確認
576,20200528,7:35,D,1,1,0,yuIQ,BCRD,信号確認
577,20200528,7:51,D,1,1,0,yuIQ,BCRD,信号確認
578,20200528,8:18,D,1,1,0,yuIQ,BCRD,信号確認
579,20200528,8:38,D,1,1,0,yuIQ,BCRD,信号確認
580,20200923,4:02,D,1,1,1,-,-,台風
581,20200923,7:15,D,1,1,1,-,-,台風
582,20200923,7:20,D,1,1,1,-,-,台風
583,20200923,7:26,D,1,1,1,-,-,台風
584,20200923,7:52,D,1,1,1,-,-,台風
585,20200923,7:57,D,1,1,1,-,-,台風
586,20200923,8:13,D,1,1,1,-,-,台風
587,20200923,8:27,D,1,1,1,-,-,台風
588,20200923,8:34,D,1,1,1,-,-,台風
589,20200923,4:02,C,1,1,1,-,-,台風
590,20200923,7:15,C,1,1,1,-,-,台風
591,20200923,7:20,C,1,1,1,-,-,台風
592,20200923,7:26,C,1,1,1,-,-,台風
593,20200923,7:52,C,1,1,1,-,-,台風
594,20200923,7:57,C,1,1,1,-,-,台風
595,20200923,8:13,C,1,1,1,-,-,台風
596,20200923,8:27,C,1,1,1,-,-,台風
597,20200923,8:34,C,1,1,1,-,-,台風
598,20191211,20:36,A,1,1,1,-,-,車両に人接触
599,20191211,20:39,A,1,1,1,-,-,車両に人接触
600,20191211,20:53,A,1,0,1,-,-,車両に人接触
601,20191231,16:58,A,1,1,0,daXW,vpGT,特別ダイヤ
602,20191231,17:04,A,1,1,0,daXW,vpGT,特別ダイヤ
603,20191231,17:05,A,1,1,0,daXW,vpGT,特別ダイヤ
604,20191231,17:12,A,1,1,0,daXW,vpGT,特別ダイヤ
605,20191231,17:15,A,1,1,0,daXW,vpGT,特別ダイヤ
606,20191231,17:17,A,1,1,0,daXW,vpGT,特別ダイヤ
607,20191231,17:25,A,1,1,0,daXW,vpGT,特別ダイヤ
608,20191231,17:31,A,1,1,0,daXW,vpGT,特別ダイヤ
609,20191231,17:36,A,1,1,0,daXW,vpGT,特別ダイヤ
610,20191231,17:39,A,1,1,0,daXW,vpGT,特別ダイヤ
611,20191231,17:41,A,1,1,0,daXW,vpGT,特別ダイヤ
612,20191231,17:42,A,1,1,0,daXW,vpGT,特別ダイヤ
613,20191231,17:46,A,1,1,0,daXW,vpGT,特別ダイヤ
614,20191231,17:51,A,1,1,0,daXW,vpGT,特別ダイヤ
615,20191231,18:00,A,1,1,0,daXW,vpGT,特別ダイヤ
616,20191231,18:03,A,1,1,0,daXW,vpGT,特別ダイヤ
617,20191231,18:05,A,1,1,0,daXW,vpGT,特別ダイヤ
618,20191231,18:11,A,1,1,0,daXW,vpGT,特別ダイヤ
619,20191231,18:25,A,1,1,0,daXW,vpGT,特別ダイヤ
620,20191231,18:26,A,1,1,0,daXW,vpGT,特別ダイヤ
621,20191231,18:27,A,1,1,0,daXW,vpGT,特別ダイヤ
622,20191231,18:36,A,1,1,0,daXW,vpGT,特別ダイヤ
623,20191231,18:39,A,1,1,0,daXW,vpGT,特別ダイヤ
624,20191231,18:44,A,1,1,0,daXW,vpGT,特別ダイヤ
625,20191231,18:49,A,1,1,0,daXW,vpGT,特別ダイヤ
626,20191231,18:52,A,1,1,0,daXW,vpGT,特別ダイヤ
627,20191231,18:58,A,1,1,0,daXW,vpGT,特別ダイヤ
628,20191231,19:02,A,1,1,0,daXW,vpGT,特別ダイヤ
629,20191231,19:08,A,1,1,0,daXW,vpGT,特別ダイヤ
630,20191231,19:12,A,1,1,0,daXW,vpGT,特別ダイヤ
631,20191231,19:19,A,1,1,0,daXW,vpGT,特別ダイヤ
632,20191231,19:22,A,1,1,0,daXW,vpGT,特別ダイヤ
633,20191231,19:34,A,1,1,0,daXW,vpGT,特別ダイヤ
634,20191231,19:42,A,1,1,0,daXW,vpGT,特別ダイヤ
635,20191231,19:47,A,1,1,0,daXW,vpGT,特別ダイヤ
636,20191231,19:54,A,1,1,0,daXW,vpGT,特別ダイヤ
637,20191231,19:57,A,1,1,0,daXW,vpGT,特別ダイヤ
638,20191231,20:02,A,1,1,0,daXW,vpGT,特別ダイヤ
639,20191231,20:27,A,1,1,0,daXW,vpGT,特別ダイヤ
640,20191231,20:31,A,1,1,0,daXW,vpGT,特別ダイヤ
641,20191231,20:36,A,1,1,0,daXW,vpGT,特別ダイヤ
642,20191231,20:51,A,1,1,0,daXW,vpGT,特別ダイヤ
643,20191231,20:59,A,1,1,0,daXW,vpGT,特別ダイヤ
644,20200118,17:41,A,1,0,1,-,-,安全確認
645,20200118,19:03,A,1,0,1,-,-,安全確認
646,20200118,19:06,A,1,0,1,-,-,安全確認
647,20200118,19:09,A,0,1,1,-,-,安全確認
648,20200118,19:12,A,0,1,1,-,-,車両点検
649,20200118,19:16,A,0,1,1,-,-,車両点検
650,20200118,19:23,A,0,1,1,-,-,車両点検
651,20200118,19:45,A,0,1,1,-,-,車両点検
652,20200128,18:26,A,1,1,0,daXW,CTnl,人身事故
653,20200128,18:34,A,1,1,0,daXW,CTnl,人身事故
654,20200128,18:36,A,1,1,0,daXW,CTnl,人身事故
655,20200128,18:52,A,1,1,0,daXW,CTnl,人身事故
656,20200128,19:08,A,1,1,0,daXW,CTnl,人身事故
657,20200128,19:14,A,1,1,0,daXW,CTnl,人身事故
658,20200128,19:18,A,1,1,0,daXW,CTnl,人身事故
659,20200128,19:21,A,1,1,0,daXW,CTnl,人身事故
660,20200128,19:30,A,1,1,0,daXW,CTnl,人身事故
661,20200128,19:41,A,1,1,0,daXW,CTnl,人身事故
662,20200128,19:42,A,1,1,0,daXW,CTnl,人身事故
663,20200128,19:52,A,1,1,0,daXW,CTnl,人身事故
664,20200128,19:54,A,1,1,0,daXW,CTnl,人身事故
665,20200128,19:58,A,1,1,0,daXW,efzW,人身事故
666,20200128,20:02,A,1,1,0,daXW,efzW,人身事故
667,20200128,20:14,A,1,1,0,daXW,efzW,人身事故
668,20200128,20:29,A,1,1,0,daXW,efzW,人身事故
669,20200128,20:33,A,1,1,0,daXW,efzW,人身事故
670,20200128,20:43,A,1,1,0,daXW,efzW,人身事故
671,20200128,20:48,A,1,1,0,daXW,efzW,人身事故
672,20200128,20:50,A,1,1,0,daXW,efzW,人身事故
673,20200128,20:52,A,1,1,0,daXW,efzW,人身事故
674,20200128,20:57,A,1,1,0,daXW,efzW,人身事故
675,20200203,19:28,A,1,0,1,-,-,お客さま救護
676,20200203,19:59,A,1,0,1,-,-,お客さま救護
677,20200205,18:13,A,1,1,1,-,-,架線に支障物
678,20200205,18:16,A,1,1,1,-,-,架線に支障物
679,20200205,18:31,A,1,1,1,-,-,架線に支障物
680,20200205,18:31,A,1,1,0,daXW,efzW,架線に支障物
681,20200205,18:44,A,1,1,1,-,-,架線に支障物
682,20200205,18:44,A,1,1,0,daXW,efzW,架線に支障物
683,20200205,18:46,A,1,1,0,daXW,efzW,架線に支障物
684,20200205,18:46,A,1,1,1,-,-,架線に支障物
685,20200205,18:57,A,1,1,0,daXW,efzW,架線に支障物
686,20200205,18:57,A,1,1,1,-,-,架線に支障物
687,20200205,19:13,A,1,1,0,daXW,efzW,架線に支障物
688,20200205,19:13,A,1,1,1,-,-,架線に支障物
689,20200205,19:20,A,1,1,0,daXW,efzW,架線に支障物
690,20200205,19:20,A,1,1,1,-,-,架線に支障物
691,20200205,19:27,A,1,1,0,daXW,efzW,架線に支障物
692,20200205,19:27,A,1,1,1,-,-,架線に支障物
693,20200205,19:42,A,1,1,1,-,-,架線に支障物
694,20200205,20:06,A,1,1,1,-,-,架線に支障物
695,20200205,20:20,A,1,1,1,-,-,架線に支障物
696,20200205,20:48,A,1,1,1,-,-,架線に支障物
697,20200316,18:23,A,1,1,1,-,-,架線に支障物
698,20200316,18:39,A,1,1,1,-,-,架線に支障物
699,20200316,18:52,A,1,1,1,-,-,架線に支障物
700,20200316,18:59,A,1,1,1,-,-,架線に支障物
701,20200316,19:05,A,1,1,1,-,-,架線に支障物
702,20200316,19:11,A,1,0,1,-,-,架線に支障物
703,20200316,19:15,A,1,0,1,-,-,架線に支障物
704,20200316,19:17,A,1,0,1,-,-,架線に支障物
705,20200316,19:22,A,1,0,1,-,-,架線に支障物
706,20200316,19:51,A,1,0,1,-,-,架線に支障物
707,20200316,20:00,A,1,0,1,-,-,架線に支障物
708,20200316,20:09,A,1,0,1,-,-,架線に支障物
709,20200831,18:33,A,1,1,1,-,-,お客さま転落
710,20200831,18:35,A,1,1,1,-,-,お客さま転落
711,20200831,18:37,A,1,1,1,-,-,お客さま転落
712,20200831,18:44,A,1,1,1,-,-,お客さま転落
713,20200831,18:53,A,1,1,1,-,-,お客さま転落
714,20200831,18:59,A,1,1,1,-,-,お客さま転落
715,20200831,19:03,A,1,1,1,-,-,お客さま転落
716,20200831,19:05,A,1,1,1,-,-,お客さま転落
717,20200831,19:28,A,1,1,1,-,-,お客さま転落
718,20200831,19:36,A,1,1,1,-,-,お客さま転落
719,20200831,19:57,A,0,1,1,-,-,お客さま転落
720,20200831,20:07,A,0,1,1,-,-,お客さま転落
721,20200831,20:09,A,0,1,1,-,-,お客さま転落
722,20200831,20:11,A,0,1,1,-,-,お客さま転落
723,20200831,20:25,A,0,1,1,-,-,お客さま転落
724,20200831,20:55,A,0,1,1,-,-,お客さま転落
725,20191231,16:58,D,1,1,0,yuIQ,rKwb,特別ダイヤ
726,20191231,17:04,D,1,1,0,yuIQ,rKwb,特別ダイヤ
727,20191231,17:05,D,1,1,0,yuIQ,rKwb,特別ダイヤ
728,20191231,17:12,D,1,1,0,yuIQ,rKwb,特別ダイヤ
729,20191231,17:15,D,1,1,0,yuIQ,rKwb,特別ダイヤ
730,20191231,17:17,D,1,1,0,yuIQ,rKwb,特別ダイヤ
731,20191231,17:25,D,1,1,0,yuIQ,rKwb,特別ダイヤ
732,20191231,17:31,D,1,1,0,yuIQ,rKwb,特別ダイヤ
733,20191231,17:36,D,1,1,0,yuIQ,rKwb,特別ダイヤ
734,20191231,17:39,D,1,1,0,yuIQ,rKwb,特別ダイヤ
735,20191231,17:41,D,1,1,0,yuIQ,rKwb,特別ダイヤ
736,20191231,17:42,D,1,1,0,yuIQ,rKwb,特別ダイヤ
737,20191231,17:46,D,1,1,0,yuIQ,rKwb,特別ダイヤ
738,20191231,17:51,D,1,1,0,yuIQ,rKwb,特別ダイヤ
739,20191231,18:00,D,1,1,0,yuIQ,rKwb,特別ダイヤ
740,20191231,18:03,D,1,1,0,yuIQ,rKwb,特別ダイヤ
741,20191231,18:05,D,1,1,0,yuIQ,rKwb,特別ダイヤ
742,20191231,18:11,D,1,1,0,yuIQ,rKwb,特別ダイヤ
743,20191231,18:25,D,1,1,0,yuIQ,rKwb,特別ダイヤ
744,20191231,18:26,D,1,1,0,yuIQ,rKwb,特別ダイヤ
745,20191231,18:27,D,1,1,0,yuIQ,rKwb,特別ダイヤ
746,20191231,18:36,D,1,1,0,yuIQ,rKwb,特別ダイヤ
747,20191231,18:39,D,1,1,0,yuIQ,rKwb,特別ダイヤ
748,20191231,18:44,D,1,1,0,yuIQ,rKwb,特別ダイヤ
749,20191231,18:49,D,1,1,0,yuIQ,rKwb,特別ダイヤ
750,20191231,18:52,D,1,1,0,yuIQ,rKwb,特別ダイヤ
751,20191231,18:58,D,1,1,0,yuIQ,rKwb,特別ダイヤ
752,20191231,19:02,D,1,1,0,yuIQ,rKwb,特別ダイヤ
753,20191231,19:08,D,1,1,0,yuIQ,rKwb,特別ダイヤ
754,20191231,19:12,D,1,1,0,yuIQ,rKwb,特別ダイヤ
755,20191231,19:19,D,1,1,0,yuIQ,rKwb,特別ダイヤ
756,20191231,19:22,D,1,1,0,yuIQ,rKwb,特別ダイヤ
757,20191231,19:34,D,1,1,0,yuIQ,rKwb,特別ダイヤ
758,20191231,19:42,D,1,1,0,yuIQ,rKwb,特別ダイヤ
759,20191231,19:47,D,1,1,0,yuIQ,rKwb,特別ダイヤ
760,20191231,19:54,D,1,1,0,yuIQ,rKwb,特別ダイヤ
761,20191231,19:57,D,1,1,0,yuIQ,rKwb,特別ダイヤ
762,20191231,20:02,D,1,1,0,yuIQ,rKwb,特別ダイヤ
763,20191231,20:27,D,1,1,0,yuIQ,rKwb,特別ダイヤ
764,20191231,20:31,D,1,1,0,yuIQ,rKwb,特別ダイヤ
765,20191231,20:36,D,1,1,0,yuIQ,rKwb,特別ダイヤ
766,20191231,20:51,D,1,1,0,yuIQ,rKwb,特別ダイヤ
767,20191231,20:59,D,1,1,0,yuIQ,rKwb,特別ダイヤ
768,20200107,19:09,D,0,1,1,-,-,線路に人立入
769,20200107,19:10,D,0,1,1,-,-,線路に人立入
770,20200107,19:25,D,0,1,1,-,-,線路に人立入
771,20200107,19:28,D,0,1,1,-,-,線路に人立入
772,20200107,19:32,D,0,1,1,-,-,線路に人立入
773,20200107,19:33,D,0,1,1,-,-,線路に人立入
774,20200107,19:34,D,0,1,1,-,-,線路に人立入
775,20200107,20:04,D,0,1,1,-,-,線路に人立入
776,20200107,20:06,D,0,1,1,-,-,線路に人立入
777,20200107,20:07,D,0,1,1,-,-,線路に人立入
778,20200107,20:08,D,0,1,1,-,-,線路に人立入
779,20200107,20:15,D,0,1,1,-,-,線路に人立入
780,20200107,20:16,D,0,1,1,-,-,線路に人立入
781,20200107,20:18,D,0,1,1,-,-,線路に人立入
782,20200107,20:20,D,0,1,1,-,-,線路に人立入
783,20200107,20:22,D,0,1,1,-,-,線路に人立入
784,20200107,20:53,D,0,1,1,-,-,線路に人立入
785,20200128,18:36,D,0,1,1,-,-,荷物挟まり
786,20200128,18:52,D,0,1,1,-,-,荷物挟まり
787,20200128,19:08,D,0,1,1,-,-,荷物挟まり
788,20200128,19:14,D,0,1,1,-,-,荷物挟まり
789,20200128,19:18,D,0,1,1,-,-,荷物挟まり
790,20200128,19:21,D,0,1,1,-,-,荷物挟まり
791,20200128,19:30,D,0,1,1,-,-,荷物挟まり
792,20200128,19:41,D,0,1,1,-,-,荷物挟まり
793,20200128,19:42,D,0,1,1,-,-,荷物挟まり
794,20200128,19:52,D,0,1,1,-,-,荷物挟まり
795,20200128,19:54,D,0,1,1,-,-,荷物挟まり
796,20200128,19:58,D,0,1,1,-,-,荷物挟まり
797,20200128,20:02,D,0,1,1,-,-,荷物挟まり
798,20200128,20:14,D,0,1,1,-,-,荷物挟まり
799,20200128,20:29,D,0,1,1,-,-,荷物挟まり
800,20200128,20:33,D,0,1,1,-,-,荷物挟まり
801,20200128,20:43,D,0,1,1,-,-,荷物挟まり
802,20200128,20:48,D,0,1,1,-,-,荷物挟まり
803,20200128,20:50,D,0,1,1,-,-,荷物挟まり
804,20200128,20:52,D,0,1,1,-,-,荷物挟まり
805,20200128,20:57,D,0,1,1,-,-,荷物挟まり
806,20200305,17:00,D,1,1,0,yuIQ,BCRD,倒竹
807,20200305,17:01,D,1,1,0,yuIQ,BCRD,倒竹
808,20200305,17:07,D,1,1,0,yuIQ,BCRD,倒竹
809,20200305,17:10,D,1,1,0,yuIQ,BCRD,倒竹
810,20200305,17:17,D,1,1,0,yuIQ,BCRD,倒竹
811,20200310,18:31,D,1,1,1,-,-,人身事故
812,20200310,18:34,D,1,1,1,-,-,人身事故
813,20200310,18:43,D,1,1,1,-,-,人身事故
814,20200310,18:47,D,1,1,1,-,-,人身事故
815,20200310,18:58,D,1,1,1,-,-,人身事故
816,20200310,19:12,D,1,1,1,-,-,人身事故
817,20200310,19:14,D,1,1,1,-,-,人身事故
818,20200310,19:33,D,1,1,1,-,-,人身事故
819,20200310,19:40,D,1,1,1,-,-,人身事故
820,20200310,20:03,D,1,1,1,-,-,人身事故
821,20200310,20:06,D,1,1,1,-,-,人身事故
822,20200310,20:43,D,1,1,1,-,-,人身事故
823,20200310,20:46,D,1,1,1,-,-,人身事故
824,20200316,16:48,D,1,1,0,wwYD,fZfY,強風
825,20200316,17:01,D,1,1,0,wwYD,fZfY,強風
826,20200316,17:09,D,1,1,0,wwYD,fZfY,強風
827,20200316,17:11,D,1,1,0,wwYD,fZfY,強風
828,20200316,17:28,D,1,1,0,wwYD,fZfY,強風
829,20200316,17:33,D,1,1,0,wwYD,fZfY,強風
830,20200316,17:38,D,1,1,0,wwYD,fZfY,強風
831,20200316,17:44,D,1,1,0,wwYD,fZfY,強風
832,20200316,17:47,D,1,1,0,wwYD,fZfY,強風
833,20200316,17:55,D,1,1,0,wwYD,fZfY,強風
834,20200316,18:00,D,1,1,0,wwYD,fZfY,強風
835,20200316,18:04,D,1,1,0,wwYD,fZfY,強風
836,20200316,18:07,D,1,1,0,wwYD,fZfY,強風
837,20200316,18:14,D,1,1,0,wwYD,fZfY,強風
838,20200316,18:23,D,1,1,0,wwYD,fZfY,強風
839,20200316,18:23,D,1,1,1,-,-,架線に支障物
840,20200316,18:39,D,1,1,0,wwYD,fZfY,強風
841,20200316,18:39,D,1,1,1,-,-,架線に支障物
842,20200316,18:52,D,1,1,0,wwYD,fZfY,強風
843,20200316,18:52,D,1,1,1,-,-,架線に支障物
844,20200316,18:59,D,1,1,0,wwYD,fZfY,強風
845,20200316,18:59,D,1,1,1,-,-,架線に支障物
846,20200316,19:05,D,1,1,0,wwYD,fZfY,強風
847,20200316,19:05,D,1,1,1,-,-,架線に支障物
848,20200316,19:11,D,1,1,0,wwYD,fZfY,強風
849,20200316,19:11,D,1,1,1,-,-,架線に支障物
850,20200316,19:15,D,1,1,0,wwYD,fZfY,強風
851,20200316,19:15,D,1,1,1,-,-,架線に支障物
852,20200316,19:17,D,1,1,0,wwYD,fZfY,強風
853,20200316,19:17,D,1,1,1,-,-,架線に支障物
854,20200316,19:22,D,1,1,0,wwYD,fZfY,強風
855,20200316,19:22,D,1,1,1,-,-,架線に支障物
856,20200316,19:51,D,1,1,0,wwYD,fZfY,強風
857,20200316,19:51,D,1,1,1,-,-,架線に支障物
858,20200316,20:00,D,1,1,0,wwYD,fZfY,強風
859,20200316,20:00,D,1,1,1,-,-,架線に支障物
860,20200316,20:09,D,1,1,0,wwYD,fZfY,強風
861,20200316,20:09,D,1,1,1,-,-,架線に支障物
862,20200316,20:12,D,1,1,0,wwYD,fZfY,強風
863,20200316,20:12,D,1,1,1,-,-,架線に支障物
864,20200316,20:14,D,1,1,0,wwYD,fZfY,強風
865,20200316,20:14,D,1,1,1,-,-,架線に支障物
866,20200316,20:18,D,1,1,0,wwYD,fZfY,強風
867,20200316,20:18,D,1,1,1,-,-,架線に支障物
868,20200316,20:42,D,1,1,0,wwYD,fZfY,強風
869,20200316,20:42,D,1,1,1,-,-,架線に支障物
870,20200316,20:55,D,1,1,0,wwYD,fZfY,強風
871,20200316,20:55,D,1,1,1,-,-,架線に支障物
872,20200528,16:48,D,1,1,0,wwYD,rKwb,人身事故
873,20200528,17:07,D,1,1,0,wwYD,rKwb,人身事故
874,20200528,17:09,D,1,1,0,wwYD,rKwb,人身事故
875,20200528,17:12,D,1,1,1,-,-,人身事故
876,20200528,18:15,D,1,1,0,yuIQ,RDLf,人身事故
877,20200528,18:41,D,1,1,0,yuIQ,RDLf,人身事故
878,20191231,16:58,C,1,1,1,-,-,特別ダイヤ
879,20191231,16:58,C,1,1,1,-,-,線路に人立入
880,20191231,17:04,C,1,1,1,-,-,特別ダイヤ
881,20191231,17:04,C,1,1,1,-,-,線路に人立入
882,20191231,17:05,C,1,1,1,-,-,特別ダイヤ
883,20191231,17:05,C,1,1,1,-,-,線路に人立入
884,20191231,17:12,C,1,1,1,-,-,特別ダイヤ
885,20191231,17:12,C,1,1,1,-,-,線路に人立入
886,20191231,17:15,C,1,1,1,-,-,特別ダイヤ
887,20191231,17:15,C,1,1,1,-,-,線路に人立入
888,20191231,17:17,C,1,1,1,-,-,特別ダイヤ
889,20191231,17:17,C,1,1,1,-,-,線路に人立入
890,20191231,17:25,C,1,1,1,-,-,特別ダイヤ
891,20191231,17:25,C,1,1,1,-,-,線路に人立入
892,20191231,17:31,C,1,1,1,-,-,特別ダイヤ
893,20191231,17:31,C,1,1,1,-,-,線路に人立入
894,20191231,17:36,C,1,1,1,-,-,特別ダイヤ
895,20191231,17:36,C,1,1,1,-,-,線路に人立入
896,20191231,17:39,C,1,1,1,-,-,特別ダイヤ
897,20191231,17:39,C,1,1,1,-,-,線路に人立入
898,20191231,17:41,C,1,1,1,-,-,特別ダイヤ
899,20191231,17:41,C,1,1,1,-,-,線路に人立入
900,20191231,17:42,C,1,1,1,-,-,特別ダイヤ
901,20191231,17:46,C,1,1,1,-,-,特別ダイヤ
902,20191231,17:51,C,1,1,1,-,-,特別ダイヤ
903,20191231,18:00,C,1,1,1,-,-,特別ダイヤ
904,20191231,18:03,C,1,1,1,-,-,特別ダイヤ
905,20191231,18:05,C,1,1,1,-,-,特別ダイヤ
906,20191231,18:11,C,1,1,1,-,-,特別ダイヤ
907,20191231,18:25,C,1,1,1,-,-,特別ダイヤ
908,20191231,18:26,C,1,1,1,-,-,特別ダイヤ
909,20191231,18:27,C,1,1,1,-,-,特別ダイヤ
910,20191231,18:36,C,1,1,1,-,-,特別ダイヤ
911,20191231,18:39,C,1,1,1,-,-,特別ダイヤ
912,20191231,18:44,C,1,1,1,-,-,特別ダイヤ
913,20191231,18:49,C,1,1,1,-,-,特別ダイヤ
914,20191231,18:52,C,1,1,1,-,-,特別ダイヤ
915,20191231,18:58,C,1,1,1,-,-,特別ダイヤ
916,20191231,19:02,C,1,1,1,-,-,特別ダイヤ
917,20191231,19:08,C,1,1,1,-,-,特別ダイヤ
918,20191231,19:12,C,1,1,1,-,-,特別ダイヤ
919,20191231,19:19,C,1,1,1,-,-,特別ダイヤ
920,20191231,19:22,C,1,1,1,-,-,特別ダイヤ
921,20191231,19:34,C,1,1,1,-,-,特別ダイヤ
922,20191231,19:42,C,1,1,1,-,-,特別ダイヤ
923,20191231,19:47,C,1,1,1,-,-,特別ダイヤ
924,20191231,19:54,C,1,1,1,-,-,特別ダイヤ
925,20191231,19:57,C,1,1,1,-,-,特別ダイヤ
926,20191231,20:02,C,1,1,1,-,-,特別ダイヤ
927,20191231,20:27,C,1,1,1,-,-,特別ダイヤ
928,20191231,20:31,C,1,1,1,-,-,特別ダイヤ
929,20191231,20:36,C,1,1,1,-,-,特別ダイヤ
930,20191231,20:51,C,1,1,1,-,-,特別ダイヤ
931,20191231,20:59,C,1,1,1,-,-,特別ダイヤ
932,20200128,19:14,C,0,1,1,-,-,安全確認
933,20200128,19:18,C,0,1,1,-,-,安全確認
934,20200128,19:21,C,0,1,1,-,-,安全確認
935,20200128,19:30,C,0,1,1,-,-,安全確認
936,20200128,19:41,C,0,1,1,-,-,安全確認
937,20200128,19:42,C,0,1,1,-,-,安全確認
938,20200128,19:52,C,0,1,1,-,-,安全確認
939,20200213,16:50,C,1,1,1,-,-,線路に人立入
940,20200213,17:06,C,1,1,1,-,-,線路に人立入
941,20200305,17:00,C,0,1,1,-,-,車両点検
942,20200305,17:01,C,0,1,1,-,-,車両点検
943,20200305,17:07,C,0,1,1,-,-,車両点検
944,20200305,17:10,C,0,1,1,-,-,車両点検
945,20200305,17:17,C,0,1,1,-,-,車両点検
946,20200305,17:20,C,0,1,1,-,-,車両点検
947,20200314,16:42,C,1,1,1,-,-,混雑
948,20200314,17:20,C,1,1,1,-,-,混雑
949,20200314,17:20,C,1,1,1,-,-,車両点検
950,20200314,17:25,C,1,1,1,-,-,混雑
951,20200314,17:25,C,1,1,1,-,-,車両点検
952,20200314,17:45,C,1,1,1,-,-,混雑
953,20200314,17:45,C,1,1,1,-,-,車両点検
954,20200314,17:52,C,1,1,1,-,-,混雑
955,20200314,17:52,C,1,1,1,-,-,車両点検
956,20200314,17:58,C,1,1,1,-,-,混雑
957,20200314,17:58,C,1,1,1,-,-,車両点検
958,20200314,18:11,C,1,1,1,-,-,混雑
959,20200314,18:11,C,1,1,1,-,-,車両点検
960,20200314,18:34,C,1,1,1,-,-,混雑
961,20200314,18:34,C,1,1,1,-,-,車両点検
962,20200314,18:39,C,1,1,1,-,-,混雑
963,20200314,18:39,C,1,1,1,-,-,車両点検
964,20200314,19:02,C,1,1,1,-,-,混雑
965,20200314,19:17,C,1,1,1,-,-,混雑
966,20200314,20:11,C,1,1,1,-,-,混雑
967,20200314,20:21,C,1,1,1,-,-,混雑
968,20200426,16:45,C,1,1,1,-,-,線路に支障物
969,20200426,17:05,C,1,1,1,-,-,線路に支障物
970,20200818,18:33,C,0,1,1,-,-,車内トラブル
971,20200818,18:46,C,0,1,1,-,-,車内トラブル
972,20200818,19:01,C,0,1,1,-,-,車内トラブル
973,20200818,19:09,C,0,1,1,-,-,車内トラブル
974,20200818,19:11,C,0,1,1,-,-,車内トラブル
975,20200818,19:17,C,0,1,1,-,-,車内トラブル
976,20200903,17:30,C,1,0,1,-,-,お客さま救護
977,20200903,17:36,C,1,0,1,-,-,お客さま救護
978,20200903,17:45,C,1,0,1,-,-,お客さま救護
979,20200903,18:10,C,1,0,1,-,-,お客さま救護
980,20200903,18:23,C,1,0,1,-,-,お客さま救護
981,20200903,18:47,C,1,0,1,-,-,お客さま救護
982,20200903,18:49,C,1,0,1,-,-,お客さま救護
983,20200817,16:07,A,1,0,1,-,-,車両点検
984,20200713,16:48,D,1,1,1,-,-,人身事故
985,20200713,17:06,D,1,1,1,-,-,人身事故
986,20200713,17:09,D,1,1,1,-,-,人身事故
987,20200713,17:17,D,1,1,1,-,-,人身事故
988,20200713,17:29,D,1,1,1,-,-,人身事故
989,20200713,17:32,D,1,1,1,-,-,人身事故
990,20200820,16:36,D,1,1,1,-,-,人身事故
991,20200820,17:08,D,1,1,1,-,-,人身事故
992,20200820,17:21,D,1,1,1,-,-,人身事故
993,20200820,17:39,D,1,1,0,wwYD,fZfY,人身事故
994,20200820,17:39,D,1,1,1,-,-,人身事故
995,20200820,17:44,D,1,1,1,-,-,人身事故
996,20200820,17:44,D,1,1,0,wwYD,fZfY,人身事故
997,20200820,17:50,D,1,1,0,wwYD,fZfY,人身事故
998,20200820,17:50,D,1,1,1,-,-,人身事故
999,20200302,17:27,C,0,1,1,-,-,お客さま救護
1000,20200817,17:47,C,1,0,1,-,-,お客さま救護
1001,20191227,16:58,A,1,1,1,-,-,架線に支障物
1002,20191227,17:03,A,1,1,1,-,-,架線に支障物
1003,20191227,17:06,A,1,1,1,-,-,架線に支障物
1004,20191227,17:10,A,1,1,1,-,-,架線に支障物
1005,20191227,17:11,A,1,1,1,-,-,架線に支障物
1006,20191227,17:16,A,1,1,1,-,-,架線に支障物
1007,20191227,17:17,A,1,1,1,-,-,架線に支障物
1008,20191227,17:19,A,1,1,1,-,-,架線に支障物
1009,20191227,17:21,A,1,1,1,-,-,架線に支障物
1010,20191227,17:27,A,1,1,1,-,-,架線に支障物
1011,20191227,17:32,A,1,1,1,-,-,架線に支障物
1012,20191227,17:38,A,1,1,1,-,-,架線に支障物
1013,20191227,17:41,A,1,1,1,-,-,架線に支障物
1014,20191227,17:47,A,1,1,1,-,-,架線に支障物
1015,20191227,17:57,A,1,1,1,-,-,架線に支障物
1016,20191227,18:05,A,1,1,1,-,-,架線に支障物
1017,20191227,18:26,A,1,1,1,-,-,架線に支障物
1018,20191227,18:35,A,1,1,1,-,-,架線に支障物
1019,20191227,18:47,A,1,1,1,-,-,架線に支障物
1020,20191227,18:56,A,1,1,1,-,-,架線に支障物
1021,20200124,16:58,A,1,1,1,-,-,人身事故
1022,20200124,17:51,A,1,1,1,-,-,人身事故
1023,20200124,18:33,A,1,1,1,-,-,人身事故
1024,20200124,18:58,A,1,1,1,-,-,人身事故
1025,20200324,18:28,A,1,1,1,-,-,人身事故
1026,20200324,18:36,A,1,1,1,-,-,人身事故
1027,20200324,18:41,A,1,1,1,-,-,人身事故
1028,20200324,18:43,A,1,1,1,-,-,人身事故
1029,20200324,18:54,A,1,1,1,-,-,人身事故
1030,20200124,18:33,D,1,1,1,-,-,人身事故
1031,20200124,18:58,D,1,1,1,-,-,人身事故
1032,20200324,18:20,D,1,1,1,-,-,人身事故
1033,20200324,18:22,D,1,1,1,-,-,人身事故
1034,20200324,18:28,D,1,1,1,-,-,人身事故
1035,20200324,18:36,D,1,1,1,-,-,人身事故
1036,20200324,18:41,D,1,1,1,-,-,人身事故
1037,20200324,18:43,D,1,1,1,-,-,人身事故
1038,20200324,18:54,D,1,0,1,-,-,人身事故
1039,20200321,18:40,C,1,1,1,-,-,異音の確認
1040,20200321,18:49,C,1,1,1,-,-,異音の確認
